{"cameraMode":{"drawMode":0,"name":"Shaded","section":"Shading Mode"},"sceneLighting":true,"audioPlay":false,"sceneViewState":{"showFog":true,"showMaterialUpdate":true,"showSkybox":true,"showFlares":true,"showImageEffects":true,"showParticleSystems":true},"in2DMode":false,"pivot":{"x":0.3393000066280365,"y":3.551300048828125,"z":1.5118999481201172},"rotation":{"x":-0.1999412178993225,"y":-0.009718981571495533,"z":0.0019809140358120205,"w":-0.9797577261924744},"size":1.9212496280670167,"orthographic":false}